mutation,AlleleFrequency,GroupMaxFAFfrequency
P448R,0.003178602,0.09608321
G643S,0.002946909,0.04605411
V648I,0.001252917,0.02248244
P408A,0.000839578,0.01340422
K393N,0.000778823,0.0061365
V207M,0.000151876,0.00251407
T600M,0.000106146,0.00176824
N483S,1.30095E-05,0.00126826
V172M,3.16274E-05,0.00113806
A370V,7.74564E-05,0.00092305
N657S,5.78268E-05,0.00087054
R452W,4.46341E-05,0.00066103
T153M,0.000156784,0.00049473
S463T,2.91578E-05,0.00041383
R451Q,3.84358E-05,0.00040225
E487K,2.35427E-05,0.00037384
A399S,3.40797E-05,0.00036913
V418I,1.92165E-05,0.00035939
P7S,0.000331696,0.00034881
R293C,5.20551E-05,0.00032311
A399V,2.04492E-05,0.00028891
G621S,5.7366E-05,0.0002799
P63T,1.12729E-05,0.00026601
R519H,2.5404E-05,0.00025866
G460S,3.22557E-05,0.00025664
R401W,3.59392E-05,0.00024811
R397W,0.000219952,0.0002333
P73T,0.000202058,0.00022884
I274V,0.000198926,0.00020783
D446E,1.2398E-05,0.00020687
A300T,2.04509E-05,0.00020679
R452Q,0.000170488,0.00019344
Q220K,1.55016E-05,0.00018075
V165M,2.4804E-05,0.00016564
D611Y,7.63672E-06,0.0001625
R518Q,0.0001264,0.00015022
S66Y,1.21351E-05,0.00014991
A287S,1.05338E-05,0.00013403
R670K,1.61092E-05,0.00011946
H240R,1.2401E-05,0.00011839
R195Q,0.000105488,0.00011395
G297S,1.48718E-05,0.00010233
E449K,7.43814E-06,9.215E-05
P448Q,1.48756E-05,0.00009201
G584S,1.61109E-05,8.994E-05
G635R,7.2811E-05,0.00007852
P61T,1.61145E-05,7.747E-05
R507Q,2.29274E-05,7.734E-05
V576I,6.93951E-05,7.508E-05
R192C,1.24087E-05,7.256E-05
R14L,7.29791E-05,0.00007142
V110I,6.32158E-05,0.00006974
D611N,7.57308E-05,0.00006851
K362R,6.25788E-05,0.00006724
V185L,6.20137E-06,6.613E-05
A46T,6.73432E-05,0.00006584
P99R,2.56609E-05,6.235E-05
E385K,2.41678E-05,5.936E-05
A287E,5.63926E-05,0.00005628
V129I,6.8991E-06,5.279E-05
G626S,2.67337E-05,4.421E-05
G272V,3.09827E-06,4.345E-05
A287T,2.3548E-05,4.344E-05
P448L,3.96711E-05,0.00004183
R293H,1.11538E-05,3.587E-05
A486T,1.54873E-05,3.587E-05
E508G,4.9568E-06,3.587E-05
P197L,3.3513E-05,0.00003585
G629S,3.81132E-05,3.504E-05
A283V,2.47854E-06,0.00002978
P63S,4.50954E-06,0.00002942
S66F,5.71019E-06,0.00002873
G589S,6.19685E-06,0.00002863
G292D,2.78861E-05,0.00002826
A10T,2.69244E-06,0.000028
R583H,2.78867E-05,0.00002665
V541I,3.37505E-05,0.00002634
S77F,1.90058E-05,0.00002579
V205M,7.43881E-06,0.0000255
P441S,2.78925E-05,0.00002474
V241I,2.66625E-05,0.00002314
D78A,3.14998E-06,0.0000228
T610N,2.4178E-05,0.00002276
G628S,2.73263E-05,0.00002273
S92P,2.50382E-06,0.00002256
E450Q,2.47952E-06,0.00002256
L175I,2.48044E-06,0.00002255
G272D,2.47861E-06,0.00002254
S92C,2.37837E-05,0.00002234
I574V,2.23062E-05,0.00002233
D459N,2.54337E-05,0.00002106
D388H,3.71773E-06,0.00002104
P499S,3.71696E-06,0.00002104
E146K,2.10656E-05,0.00001994
T96R,2.06547E-05,0.00001963
R397Q,2.29265E-05,0.00001962
V162M,2.04655E-05,0.00001803
T444M,1.05371E-05,0.00001775
R594Q,2.04506E-05,0.00001772
A46E,1.74524E-06,0.00001764
E450K,3.09918E-06,0.00001744
R583C,1.98289E-05,0.00001724
I132L,1.92091E-05,0.00001724
R555H,2.17082E-05,0.0000168
N593S,1.73513E-05,0.00001645
G269S,1.85895E-05,0.00001567
R519C,2.16863E-05,0.00001567
T658N,1.71744E-05,0.00001562
C381Y,1.79711E-05,0.00001533
K398R,1.61095E-05,0.00001533
K413R,1.61131E-05,0.00001533
D673N,2.65195E-05,0.00001501
G22R,1.84832E-05,0.00001461
P660S,2.54743E-06,1.455E-05
R195W,1.73739E-05,0.00001454
P631L,2.53603E-06,1.434E-05
D88E,2.50425E-06,0.00001427
T432I,4.33798E-06,0.00001426
G219E,2.48E-06,0.00001425
K526Q,2.47843E-06,0.00001425
R14S,2.67061E-06,0.00001335
D462N,1.86115E-06,0.00001328
T169M,1.17822E-05,0.00001327
R181C,1.92237E-05,0.00001327
V294M,1.30135E-05,0.00001327
R397G,1.85875E-06,0.00001327
A341E,1.42652E-05,0.000013
A4T,1.83126E-06,0.00001288
R90C,1.37731E-05,0.00001221
R259H,1.61461E-05,0.00001145
P631R,1.39471E-05,0.00001124
G635E,1.26579E-05,0.00001123
P81L,1.50861E-05,0.0000111
K526E,1.30127E-05,0.00001107
A46V,1.74509E-06,0.00001093
R533Q,1.08923E-05,0.00001077
S623I,5.09945E-06,0.00001077
D649N,2.28489E-05,0.00001076
I609N,1.9085E-06,0.00001074
N386K,2.47868E-06,0.00001064
P99Q,5.63289E-06,0.00001063
W188C,1.86061E-06,0.00001062
R401Q,1.30119E-05,0.00001062
L425V,2.47871E-06,0.00001062
S580G,2.47854E-06,0.00001061
D446N,1.61151E-05,0.0000103
I198V,1.3034E-05,0.00000953
G460D,1.17866E-05,0.00000953
R555S,3.82495E-06,0.00000935
P83S,1.88386E-06,0.00000881
R190Q,1.17855E-05,0.00000878
A150T,1.36321E-05,0.00000878
E290K,1.4253E-05,0.00000878
K422T,1.85916E-06,0.00000876
T444K,1.85936E-06,0.00000876
R243H,8.06058E-06,0.00000875
S468G,2.47804E-06,0.00000875
I500V,9.29319E-06,0.00000875
D564N,2.47808E-06,0.00000875
G646S,1.39461E-05,0.00000815
G675V,1.29834E-06,0.00000797
V667M,1.41306E-05,0.00000785
P625H,1.27332E-06,0.0000078
R555L,9.57643E-06,0.00000779
G622S,1.01965E-05,0.00000779
P630S,1.01496E-05,0.00000776
K424N,9.29498E-06,0.00000763
A378T,5.57764E-06,0.00000739
L472P,1.85848E-06,0.00000739
M480T,1.86219E-06,0.00000739
I500L,1.239E-06,0.00000739
G434R,3.71809E-06,0.00000739
G168R,1.05426E-05,0.00000688
V215M,9.91982E-06,0.00000615
E674K,9.09736E-06,0.00000561
R174C,3.10086E-06,0.00000553
T513S,1.23912E-06,0.00000553
P21L,9.67431E-06,0.00000547
L266P,8.05518E-06,0.00000542
S566F,7.4345E-06,0.00000542
L187F,7.44211E-06,0.00000542
Y51C,1.66757E-06,0.00000538
A302V,8.67714E-06,0.000005
A208V,6.81837E-06,0.000005
P67R,3.54529E-06,0.00000491
R9T,8.10329E-06,0.00000466
R24W,8.80516E-06,0.00000459
A28V,8.76473E-06,0.00000457
L617F,1.2749E-06,0.00000449
E663K,3.83627E-06,0.00000449
E146G,1.85887E-06,0.00000443
G179S,6.82204E-06,0.00000443
G252R,1.24026E-06,0.00000443
K358T,1.85875E-06,0.00000443
A399G,3.71804E-06,0.00000443
N429S,2.47888E-06,0.00000443
G493A,1.23905E-06,0.00000443
I394L,1.23929E-06,0.00000443
R507W,3.09854E-06,0.00000443
Q530H,1.23994E-06,0.00000443
R591C,6.19683E-06,0.00000442
T513A,1.23912E-06,0.00000442
R669S,7.08838E-06,0.00000441
C642F,6.33105E-06,0.00000435
D446E,6.19899E-06,0.00000429
A178T,8.06315E-06,0.00000429
D202N,7.45215E-06,0.00000429
I268V,6.81627E-06,0.00000429
L496Q,6.81439E-06,0.00000429
R533W,5.12851E-06,0.00000393
V85A,1.88219E-06,0.00000366
L137F,1.23907E-06,0.00000365
F351L,1.23921E-06,0.00000365
R562S,1.23919E-06,0.00000365
F279I,1.23929E-06,0.00000365
R366Q,5.57622E-06,0.00000365
D388N,7.436E-06,0.00000365
D459E,1.24055E-06,0.00000365
R511W,3.09789E-06,0.00000365
T169A,1.24018E-06,0.00000365
M238L,1.24013E-06,0.00000365
F270S,1.2393E-06,0.00000365
K467R,1.85854E-06,0.00000365
T495A,1.85861E-06,0.00000365
T501N,1.23898E-06,0.00000365
L273F,5.57684E-06,0.00000359
V133I,7.43527E-06,0.00000359
L282V,5.57677E-06,0.00000359
Y94C,6.25949E-06,0.00000359
T104A,5.63304E-06,0.00000359
R14C,6.23082E-06,0.00000318
G44S,7.06124E-06,0.00000315
L40R,6.15953E-06,0.00000315
R190W,6.20317E-06,0.00000292
H510R,5.57597E-06,0.00000292
A344V,5.59828E-06,0.00000248
R452L,4.95965E-06,0.00000247
T224M,1.36508E-05,0.00000247
R594P,4.95737E-06,0.00000247
V416M,4.95785E-06,0.00000247
A486V,4.33644E-06,0.00000247
D488E,4.33691E-06,0.00000247
V133L,4.33724E-06,0.00000247
I337V,4.95767E-06,0.00000247
P61S,4.60375E-06,0.00000209
M612I,3.82133E-06,1.86E-06
A76T,3.85441E-06,1.86E-06
M476T,4.95634E-06,0.00000183
V185M,5.58164E-06,0.00000183
K393E,3.71787E-06,0.00000183
R511Q,6.19633E-06,0.00000183
G272S,3.71822E-06,0.00000183
T513I,3.71732E-06,0.00000183
P35L,4.35825E-06,0.00000158
P35T,5.22745E-06,0.00000158
A55V,5.75285E-06,0.00000149
R539W,3.18922E-06,0.00000127
R555C,3.82495E-06,0.00000127
V554L,3.18365E-06,0.00000127
L619M,3.18743E-06,0.00000127
S546L,3.17664E-06,0.00000126
A590T,4.95805E-06,1.24E-06
T322M,3.7177E-06,1.24E-06
A287V,4.33789E-06,1.24E-06
A329T,5.57616E-06,1.24E-06
N429D,3.09864E-06,1.24E-06
S580N,3.09814E-06,1.24E-06
I93V,3.12972E-06,1.24E-06
A150V,3.71746E-06,1.24E-06
C214Y,3.09975E-06,1.24E-06
G297D,3.09827E-06,1.24E-06
S5C,3.64928E-06,0.00000104
K13R,3.59541E-06,0.00000103
K13N,3.56077E-06,0.00000102
P45L,3.51339E-06,0.00000101
A62V,3.04391E-06,9.00E-07
R25Q,2.64638E-06,8.70E-07
G26S,2.64231E-06,8.70E-07
F653L,2.53894E-06,8.10E-07
T144A,2.4784E-06,7.90E-07
R192H,4.96334E-06,7.90E-07
L266M,2.4787E-06,7.90E-07
Y111C,3.12941E-06,7.90E-07
S225L,3.10274E-06,7.90E-07
G325R,2.47826E-06,7.90E-07
D286E,2.47877E-06,7.90E-07
A62S,3.05438E-06,7.70E-07
A65V,2.2024E-06,7.50E-07
P67L,2.12717E-06,7.40E-07
E674G,1.94901E-06,7.00E-07
L552I,1.90763E-06,6.90E-07
Q604E,1.90658E-06,6.90E-07
L606Q,1.90651E-06,6.90E-07
P630A,1.90291E-06,6.90E-07
R632K,1.9015E-06,6.90E-07
C642R,2.52544E-06,6.90E-07
P650L,1.9031E-06,6.90E-07
P650H,1.9031E-06,6.90E-07
L652R,1.90406E-06,6.90E-07
K393M,1.85876E-06,6.80E-07
R243C,3.10021E-06,6.80E-07
Y315C,1.85936E-06,6.80E-07
P99L,2.50332E-06,6.80E-07
G186A,1.86048E-06,6.80E-07
M210I,1.85956E-06,6.80E-07
F364L,1.85866E-06,6.80E-07
T404S,1.85877E-06,6.80E-07
E450G,1.85981E-06,6.80E-07
N483K,1.85862E-06,6.80E-07
S95N,1.87755E-06,6.80E-07
R109L,1.87766E-06,6.80E-07
V129L,1.88143E-06,6.80E-07
G154V,1.85917E-06,6.80E-07
A178S,1.86073E-06,6.80E-07
T247I,1.86002E-06,6.80E-07
R249K,2.48017E-06,6.80E-07
P400T,2.47838E-06,6.80E-07
S464C,1.8614E-06,6.80E-07
S475N,1.85851E-06,6.80E-07
A2T,1.83831E-06,3.70E-07
W15G,2.67111E-06,3.60E-07
R25W,1.76617E-06,3.60E-07
A41G,1.76377E-06,3.60E-07
A71V,1.36514E-06,3.00E-07
E543K,1.27206E-06,2.90E-07
A532V,1.92493E-06,2.90E-07
T624I,1.27384E-06,2.90E-07
G629R,1.27035E-06,2.90E-07
P73L,1.31262E-06,2.90E-07
P74A,1.30797E-06,2.90E-07
P535A,1.27948E-06,2.90E-07
D537N,1.27721E-06,2.90E-07
S623N,1.91215E-06,2.90E-07
G626D,1.27249E-06,2.90E-07
G628D,1.27073E-06,2.90E-07
E633Q,1.26725E-06,2.90E-07
T658S,1.27208E-06,2.90E-07
T661I,1.27509E-06,2.90E-07
D673V,1.2936E-06,2.90E-07
G229D,1.24065E-06,2.80E-07
S276F,1.23935E-06,2.80E-07
W305L,1.86009E-06,2.80E-07
T322K,1.23914E-06,2.80E-07
V524G,1.23915E-06,2.80E-07
D428G,1.85897E-06,2.80E-07
G119S,1.25234E-06,2.80E-07
G119R,1.25234E-06,2.80E-07
R231H,1.86063E-06,2.80E-07
R259C,1.86157E-06,2.80E-07
L273V,1.23939E-06,2.80E-07
V310I,1.2402E-06,2.80E-07
I567T,1.2391E-06,2.80E-07
G568R,1.23906E-06,2.80E-07
P84R,1.88218E-06,2.80E-07
C136F,1.23908E-06,2.80E-07
R195G,1.86135E-06,2.80E-07
I227V,1.24158E-06,2.80E-07
Y267F,1.2393E-06,2.80E-07
V288M,1.85895E-06,2.80E-07
A300G,1.23939E-06,2.80E-07
S349L,1.23914E-06,2.80E-07
P408R,1.23923E-06,2.80E-07
K419R,1.23956E-06,2.80E-07
F479L,1.23898E-06,2.80E-07
S86R,1.2525E-06,2.80E-07
R109C,1.25168E-06,2.80E-07
R116G,1.87799E-06,2.80E-07
V207L,1.2398E-06,2.80E-07
Q220P,1.24014E-06,2.80E-07
I257V,1.24061E-06,2.80E-07
T265A,1.23937E-06,2.80E-07
V288L,1.85895E-06,2.80E-07
I328V,1.23912E-06,2.80E-07
A329S,1.23915E-06,2.80E-07
A372P,1.23921E-06,2.80E-07
Y395C,1.23929E-06,2.80E-07
A399D,1.23926E-06,2.80E-07
L405V,1.23919E-06,2.80E-07
K419N,1.2397E-06,2.80E-07
K422N,1.23942E-06,2.80E-07
P447T,1.23954E-06,2.80E-07
H455R,2.48052E-06,2.80E-07
S464F,1.24093E-06,2.80E-07
S475G,1.239E-06,2.80E-07
M480I,1.23899E-06,2.80E-07
L489P,1.239E-06,2.80E-07
T495S,1.85846E-06,2.80E-07
E508K,1.23917E-06,2.80E-07
H509Y,1.23917E-06,2.80E-07
K569R,1.23908E-06,2.80E-07
V417M,6.20E-07,
E115K,6.26E-07,
H126L,1.25379E-06,
L134P,6.20E-07,
W176R,6.20E-07,
L187P,6.20E-07,
V215G,6.20E-07,
L233P,6.20E-07,
S253P,6.20E-07,
A300E,1.85908E-06,
D301V,6.20E-07,
A344T,6.21E-07,
Q367R,6.20E-07,
P400A,6.20E-07,
F127L,6.27E-07,
E160V,6.20E-07,
A302T,6.20E-07,
S484T,6.19E-07,
G168R,6.20E-07,
R174H,1.24038E-06,
G186V,6.20E-07,
G189R,6.20E-07,
D202G,6.20E-07,
I227L,6.21E-07,
R231C,6.20E-07,
R231L,6.20E-07,
Q234P,6.20E-07,
D242N,6.20E-07,
G269D,1.23939E-06,
S277L,3.09845E-06,
V280A,6.20E-07,
V280E,6.20E-07,
W305S,6.20E-07,
Y315F,1.23966E-06,
P320S,6.20E-07,
G345E,1.85893E-06,
R366W,6.20E-07,
L374H,6.20E-07,
A525T,6.20E-07,
S566Y,6.20E-07,
T587M,6.20E-07,
G589D,2.23103E-05,
R591L,6.20E-07,
R591H,1.23944E-06,
A3G,9.17E-07,
A23V,8.80E-07,
R25P,8.82E-07,
S27R,8.77E-07,
G29S,8.73E-07,
G57D,8.15E-07,
A58T,8.11E-07,
P64S,7.40E-07,
P70T,6.91E-07,
D78H,1.26652E-06,
L79F,6.29E-07,
P84S,1.2549E-06,
P89T,6.26E-07,
R98H,6.26E-07,
A128T,1.25412E-06,
L137P,6.20E-07,
Q147R,6.20E-07,
A149T,1.85889E-06,
W158C,6.20E-07,
M159L,6.21E-07,
V162L,6.20E-07,
F166V,6.20E-07,
V172L,6.20E-07,
L175F,6.20E-07,
R181H,1.8604E-06,
L187R,6.20E-07,
W188R,6.20E-07,
W188S,6.20E-07,
I200V,6.21E-07,
M210T,6.20E-07,
K218E,6.20E-07,
K218T,6.20E-07,
G245R,6.20E-07,
S253A,1.24038E-06,
T264S,6.20E-07,
G297R,6.20E-07,
A300S,6.20E-07,
V307M,6.20E-07,
K318T,6.20E-07,
V324L,6.20E-07,
V324F,6.20E-07,
A329V,6.20E-07,
F335C,6.20E-07,
K354R,6.20E-07,
F364L,6.20E-07,
Q376H,6.20E-07,
A378S,6.20E-07,
C381W,6.20E-07,
E385Q,6.20E-07,
S402N,6.20E-07,
T404I,6.20E-07,
G434A,6.20E-07,
G434E,6.20E-07,
E435K,1.2393E-06,
P441L,6.20E-07,
H442D,6.20E-07,
I443V,6.20E-07,
R451W,1.85987E-06,
T470A,6.20E-07,
T470I,1.23898E-06,
P477S,1.23901E-06,
F485S,6.19E-07,
D488N,2.47798E-06,
D490G,1.23901E-06,
T498I,6.19E-07,
T501A,6.20E-07,
I514V,6.20E-07,
I514T,6.20E-07,
V516I,6.20E-07,
R533G,6.41E-07,
V554M,6.37E-07,
K557R,6.39E-07,
E558G,6.40E-07,
F573L,6.20E-07,
S575F,6.20E-07,
R583S,6.20E-07,
S585N,6.20E-07,
N593K,6.20E-07,
V595I,6.20E-07,
L613F,6.37E-07,
P630T,1.2687E-06,
P631H,6.34E-07,
Q640L,6.32E-07,
P641L,6.31E-07,
G646C,6.34E-07,
D649E,6.34E-07,
G671S,6.45E-07,
A3T,1.83713E-06,
A4V,9.15E-07,
S6P,9.12E-07,
S6C,9.10E-07,
P8S,9.03E-07,
P8H,9.02E-07,
R9G,9.05E-07,
A10S,8.97E-07,
R12K,8.93E-07,
K13E,8.95E-07,
K13M,8.99E-07,
W15L,8.88E-07,
G16D,8.85E-07,
W17C,8.83E-07,
R19C,8.82E-07,
R19H,1.76504E-06,
L20P,1.76121E-06,
P21S,1.75917E-06,
A23S,8.81E-07,
A23T,8.81E-07,
S27G,8.82E-07,
A28P,8.76E-07,
A31T,1.7423E-06,
A31D,8.71E-07,
K32E,8.70E-07,
K33T,8.71E-07,
C34R,8.72E-07,
C34W,8.72E-07,
F36L,8.73E-07,
F36L,8.74E-07,
S37L,8.73E-07,
L38Q,8.75E-07,
A41S,8.81E-07,
A41V,8.82E-07,
E42K,8.81E-07,
E42A,8.83E-07,
E42D,8.83E-07,
G44V,8.82E-07,
P45A,8.79E-07,
P45Q,8.78E-07,
G48S,8.58E-07,
A49V,8.51E-07,
L50P,8.44E-07,
P53S,8.30E-07,
P53H,8.28E-07,
P56L,8.17E-07,
A58V,7.95E-07,
P59Q,7.90E-07,
G60R,7.85E-07,
G60D,1.55221E-06,
P63L,7.49E-07,
P64A,7.40E-07,
P64L,7.37E-07,
A65P,7.35E-07,
P67Q,7.09E-07,
A69T,1.3993E-06,
A71S,1.37469E-06,
P73S,6.65E-07,
P73R,6.56E-07,
V75F,6.50E-07,
A76D,6.35E-07,
A76V,6.35E-07,
D78N,6.33E-07,
G80R,6.29E-07,
G80V,6.29E-07,
G80D,6.29E-07,
P81S,6.29E-07,
P81R,6.29E-07,
R82Q,6.28E-07,
P83L,6.28E-07,
P84L,6.27E-07,
V85M,6.27E-07,
L87I,6.26E-07,
D88G,6.26E-07,
P89S,6.26E-07,
P89L,3.13013E-06,
V91L,6.26E-07,
V91I,6.26E-07,
S92F,6.26E-07,
S92Y,6.26E-07,
I93T,6.26E-07,
T96A,6.26E-07,
T96M,6.26E-07,
R97H,1.8778E-06,
L101F,6.26E-07,
R103C,6.26E-07,
R103L,1.25178E-06,
T104S,6.26E-07,
T104I,1.25158E-06,
H105P,6.26E-07,
V106L,6.26E-07,
Q107R,6.26E-07,
G108S,6.26E-07,
R109G,6.26E-07,
R109H,6.26E-07,
V110F,6.26E-07,
V110A,6.26E-07,
N112K,6.26E-07,
L114F,1.25184E-06,
R116C,6.26E-07,
R116P,6.26E-07,
W120L,6.26E-07,
F127L,6.27E-07,
F127C,6.27E-07,
V129F,6.27E-07,
L131F,6.20E-07,
I132V,6.20E-07,
I132M,6.20E-07,
V135D,6.20E-07,
C136Y,6.20E-07,
F139L,6.20E-07,
S143Y,6.20E-07,
I145T,6.20E-07,
E146Q,6.20E-07,
A149V,6.20E-07,
A150S,1.23919E-06,
T153K,6.20E-07,
G154R,6.20E-07,
T155I,1.23974E-06,
W158G,6.20E-07,
W158R,6.20E-07,
V162L,6.20E-07,
L163P,6.20E-07,
L163R,6.20E-07,
F167Y,6.20E-07,
F167S,6.20E-07,
G168W,6.20E-07,
S177A,6.20E-07,
S182R,6.20E-07,
W188G,6.20E-07,
R192S,6.20E-07,
I198T,6.21E-07,
I198S,6.21E-07,
I200L,6.21E-07,
V206L,6.20E-07,
V206F,6.20E-07,
V207L,6.20E-07,
S209C,6.20E-07,
L213F,6.20E-07,
L213H,6.20E-07,
C214S,6.20E-07,
G216D,6.20E-07,
G219R,6.20E-07,
V221L,6.20E-07,
T224A,6.20E-07,
I230F,6.20E-07,
F232Y,6.20E-07,
Q234H,6.20E-07,
M238V,2.48044E-06,
T247S,6.20E-07,
R249S,6.20E-07,
V254A,6.20E-07,
V255I,6.20E-07,
F256V,6.20E-07,
F256S,6.20E-07,
Q260K,6.21E-07,
Y267C,6.20E-07,
I274M,6.20E-07,
F279L,6.20E-07,
D286N,6.20E-07,
D286E,6.20E-07,
E290Q,6.20E-07,
S291L,6.20E-07,
R293S,6.20E-07,
V294L,6.20E-07,
F296L,6.20E-07,
S298T,6.20E-07,
V308A,6.21E-07,
T311N,6.20E-07,
D317E,6.20E-07,
V319L,6.20E-07,
T327A,6.20E-07,
T327S,6.20E-07,
F332L,6.20E-07,
V334I,6.20E-07,
A336S,6.20E-07,
I346T,6.20E-07,
A352T,6.20E-07,
Q356E,6.20E-07,
H363R,6.20E-07,
F364I,6.20E-07,
A372V,6.20E-07,
Q376H,6.20E-07,
C381F,1.2393E-06,
Y382H,6.20E-07,
P387T,6.20E-07,
P387L,1.23934E-06,
D388G,6.20E-07,
D388V,6.20E-07,
S390F,6.20E-07,
K393R,6.20E-07,
A399P,6.20E-07,
H403Q,6.20E-07,
T404N,6.20E-07,
S409G,6.20E-07,
S409R,6.20E-07,
P410T,6.20E-07,
P412S,6.20E-07,
P412R,6.20E-07,
V417L,6.20E-07,
K420E,6.20E-07,
K420I,6.20E-07,
K421T,6.20E-07,
K421N,6.20E-07,
K422R,6.20E-07,
K422N,6.20E-07,
F423L,6.20E-07,
N429H,6.20E-07,
G430R,6.20E-07,
V431M,6.20E-07,
V431L,3.09849E-06,
T432A,6.20E-07,
P433A,6.20E-07,
K436Q,6.20E-07,
K436E,6.20E-07,
P448S,6.20E-07,
L453P,6.20E-07,
D454A,6.21E-07,
H455L,6.20E-07,
H455Q,6.20E-07,
F456L,6.20E-07,
S457C,6.20E-07,
D459H,1.24067E-06,
D459V,6.21E-07,
G460C,6.20E-07,
Y461H,6.20E-07,
D462Y,6.20E-07,
S464P,6.21E-07,
S468N,1.239E-06,
P469R,6.20E-07,
L471R,6.20E-07,
E473Q,6.20E-07,
P477T,6.20E-07,
F479L,6.20E-07,
M480V,6.19E-07,
R481S,6.20E-07,
T482A,6.20E-07,
T482N,1.85847E-06,
L491P,6.20E-07,
L497V,6.20E-07,
L497P,6.19E-07,
P499A,6.19E-07,
P499T,6.19E-07,
T501I,6.19E-07,
Q505K,6.19E-07,
H509R,6.20E-07,
H509Q,6.20E-07,
H510Y,6.20E-07,
K515R,6.20E-07,
V524M,6.20E-07,
K528Q,6.20E-07,
Q530E,6.20E-07,
Q530H,6.20E-07,
Q531E,1.92712E-06,
A532S,6.42E-07,
A532E,6.42E-07,
D540H,6.37E-07,
Q544E,1.27174E-06,
L552V,6.36E-07,
L552F,5.72333E-06,
V554L,6.37E-07,
I556M,6.39E-07,
D564H,6.20E-07,
S571T,6.20E-07,
S575A,6.20E-07,
K579Q,6.20E-07,
D582H,6.20E-07,
G584R,6.20E-07,
N586S,6.20E-07,
A590S,6.20E-07,
A590V,6.20E-07,
V599M,1.90622E-06,
Q604K,6.36E-07,
Q604R,6.35E-07,
R605K,6.35E-07,
A607E,6.36E-07,
L608H,6.36E-07,
H614N,6.37E-07,
L617P,6.37E-07,
S618F,6.38E-07,
L619F,6.38E-07,
G621C,1.9122E-06,
G621R,6.37E-07,
T624P,6.37E-07,
T624S,6.37E-07,
P625T,6.37E-07,
P625R,6.37E-07,
S627I,6.36E-07,
G628V,6.35E-07,
G629A,6.35E-07,
P630L,6.34E-07,
R632T,6.34E-07,
E633K,6.34E-07,
G634S,6.33E-07,
A636V,6.33E-07,
H637Y,6.32E-07,
H637Q,6.32E-07,
I638T,6.32E-07,
T639N,6.32E-07,
G646D,6.34E-07,
V648F,6.34E-07,
P650A,6.34E-07,
L652F,6.35E-07,
F653I,6.35E-07,
F653Y,6.35E-07,
P655S,6.36E-07,
P655T,6.36E-07,
P655L,6.35E-07,
P655R,6.35E-07,
S656N,6.36E-07,
S656I,6.36E-07,
S656T,6.36E-07,
N657T,6.35E-07,
P660L,6.37E-07,
E663Q,6.39E-07,
Q664K,1.28041E-06,
L665M,1.2817E-06,
T666I,6.41E-07,
P668S,6.43E-07,
R669T,6.43E-07,
R670M,6.44E-07,
P672H,6.46E-07,
D673Y,6.47E-07,
D673H,6.47E-07,
G675E,6.49E-07,
S676F,6.48E-07,