"mutation","trafficking_lit","het_trafficking_lit","paper"
"V100I",0.91,NA,"29532034"
"A102S",0.96,NA,"29532034"
"T104I",0.65,0.9,"29532034"
"T104S",0.93,NA,"29532034"
"H105L",0.8,NA,"29532034"
"H105N",1.06,NA,"29532034"
"H105Y",0.78,NA,"29532034"
"V106I",1.04,NA,"29532034"
"Q107H",0.06,0.29,"29532034"
"R109L",0.92,NA,"29532034"
"V110I",0.96,NA,"29532034"
"Y111C",0.02,0.19,"29532034"
"L114P",0.02,0.06,"29532034"
"E115G",0.019,0.21,"29532034"
"P117L",0.055,0.28,"29532034"
"T118S",1.01,NA,"29532034"
"C122Y",0.73,0.88,"29532034"
"V124I",1.13,NA,"29532034"
"Y125D",0.021,0.23,"29532034"
"H126L",0.037,0.4,"29532034"
"F127L",1.11,NA,"29532034"
"A128T",1.13,NA,"29532034"
"V129I",1.32,NA,"29532034"
"L131P",0.45,1.32,"29532034"
"I132L",1.04,NA,"29532034"
"V133I",0.95,NA,"29532034"
"L134P",1,1.23,"29532034"
"V135A",0.92,NA,"29532034"
"V135I",0.84,NA,"29532034"
"A149V",0.73,0.93,"29532034"
"A150T",1.56,NA,"29532034"
"A150V",0.97,NA,"29532034"
"E160K",0.16,0.62,"29532034"
"p.Phe167del",0.02,NA,"29532034"
"T169M",0.87,NA,"29532034"
"R174C",0.022,0.19,"29532034"
"R174H",0.042,0.3,"29532034"
"R174L",0.097,0.33,"29532034"
"W176R",0.025,0.1,"29532034"
"G179S",0.041,0.31,"29532034"
"G189A",0.024,0.13,"29532034"
"R195P",0.02,0.1,"29532034"
"K196T",0.58,0.79,"29532034"
"P197L",0.59,0.75,"29532034"
"P197S",0.21,0.53,"29532034"
"V207M",0.71,0.82,"29532034"
"K218E",1.02,NA,"29532034"
"I227L",1.43,NA,"29532034"
"Q234P",1.32,NA,"29532034"
"L236P",0.47,1.04,"29532034"
"L236R",0.16,0.88,"29532034"
"F166M",0.67,NA,"33600800"
"R231C",5.01,NA,"33600800"
"R231M",3.28,NA,"33600800"
"R231F",1.51,NA,"33600800"
"V129A",0.91,NA,"33600800"
"A46T",1.15,NA,"33600800"
"F232C",1.54,NA,"33600800"
"F279I",1.41,NA,"33600800"
"G229C",0.89,NA,"33600800"
"G229D",0.09,NA,"33600800"
"I230C",1.18,NA,"33600800"
"I274V",1.21,NA,"33600800"
"L233C",1.08,NA,"33600800"
"Q147R",0.73,NA,"33600800"
"R14C",1.76,NA,"33600800"
"R195W",0.48,NA,"33600800"
"R231A",2.37,NA,"33600800"
"R231E",0.31,NA,"33600800"
"R231H",2.05,NA,"33600800"
"R231K",0.78,NA,"33600800"
"R231L",2.9,NA,"33600800"
"R231Q",1.14,NA,"33600800"
"R231S",1.23,NA,"33600800"
"R231T",1.87,NA,"33600800"
"R231V",3.01,NA,"33600800"
"R231Y",2.79,NA,"33600800"
"R670K",0.91,NA,"33600800"
"S140G",1.08,NA,"33600800"
"S209P",0.87,NA,"33600800"
"V141M",1.38,NA,"33600800"
"V241F",1.26,NA,"33600800"
"V307L",1.1,NA,"33600800"
"P7S",1.44,NA,"39969993"
"P99Q",1.01,NA,"39969993"
"P99R",0.94,NA,"39969993"
"E146G",0.97,NA,"39969993"
"T153M",0.36,NA,"39969993"
"W158C",0.75,NA,"39969993"
"E160R",0.33,NA,"39969993"
"V162M",1.03,NA,"39969993"
"V165M",0.84,NA,"39969993"
"Y171H",0.01,NA,"39969993"
"Y172M",1.01,NA,"39969993"
"G189E",0.012,NA,"39969993"
"R192C",0.4,NA,"39969993"
"R192H",0.53,NA,"39969993"
"R195Q",0.43,NA,"39969993"
"I198V",1.08,NA,"39969993"
"I204F",0.94,NA,"39969993"
"V205M",1.86,NA,"39969993"
"M210I",1.47,NA,"39969993"
"V215G",0.59,NA,"39969993"
"V215M",1.04,NA,"39969993"
"S225L",1.66,NA,"39969993"
"I230L",1.16,NA,"39969993"
"Q234C",1.16,NA,"39969993"
"Q234M",0.69,NA,"39969993"
"R237C",1.53,NA,"39969993"
"R237M",1.27,NA,"39969993"
"R243C",0.83,NA,"39969993"
"R243H",1.14,NA,"39969993"
"T247I",0.82,NA,"39969993"
"V254M",0.87,NA,"39969993"
"H258R",0.001,NA,"39969993"
"R259H",0.69,NA,"39969993"
"L266R",0.012,NA,"39969993"
"G269S",0.81,NA,"39969993"
"S277L",0,NA,"39969993"
"A287E",0.93,NA,"39969993"
"A302V",0.091,NA,"39969993"
"Y315C",0.66,NA,"39969993"
"T322M",0.015,NA,"39969993"
"A341V",1.41,NA,"39969993"
"G345E",0.16,NA,"39969993"
"R366W",0.78,NA,"39969993"
"S373P",0.035,NA,"39969993"
"W379R",0,NA,"39969993"
"W392R",0.057,NA,"39969993"
"A339V",1.08,NA,"39969993"
"D446E",1.14,NA,"39969993"
"H455Y",0.31,NA,"39969993"
"M520R",0,NA,"39969993"
"Y522S",0,NA,"39969993"
"A525T",0.24,NA,"39969993"
"R539W",0.57,NA,"39969993"
"R555H",1.04,NA,"39969993"
"R562S",0.96,NA,"39969993"
"T587M",0.046,NA,"39969993"
"G589D",0,NA,"39969993"
"R591H",0,NA,"39969993"
"R595Q",0,NA,"39969993"
"T600M",1.16,NA,"39969993"
"E663K",1.37,NA,"39969993"
"R14D",1.338,NA,"thisStudy"
"R14T",1.411,NA,"thisStudy"
"R25E",2.251,NA,"thisStudy"
"L38N",0.293,NA,"thisStudy"
"E39F",-0.008,NA,"thisStudy"
"A49A",0.921,NA,"thisStudy"
"P64P",0.951,NA,"thisStudy"
"P81P",1.345,NA,"thisStudy"
"H105H",0.735,NA,"thisStudy"
"G119V",0.164,NA,"thisStudy"
"S143F",0.558,NA,"thisStudy"
"A223L",1.088,NA,"thisStudy"
"R228A",1.42,NA,"thisStudy"
"Q260K",0.546,NA,"thisStudy"
"L282P",-0.025,NA,"thisStudy"
"A344A",1.031,NA,"thisStudy"
"A352T",0.326,NA,"thisStudy"
"L353P",-0.005,NA,"thisStudy"
"S409R",0.406,NA,"thisStudy"
"K467A",1.272,NA,"thisStudy"
"K467R",2.574,NA,"thisStudy"
"E473I",0.012,NA,"thisStudy"
"V474V",1.312,NA,"thisStudy"
"P477L",0.241,NA,"thisStudy"
"E487K",0.495,NA,"thisStudy"
"L506V",0.688,NA,"thisStudy"
"I514T",0.195,NA,"thisStudy"
"N551Y",0.542,NA,"thisStudy"
"P570L",0.397,NA,"thisStudy"
"S627S",1.313,NA,"thisStudy"
"L659I",2.052,NA,"thisStudy"
"Q664W",2.966,NA,"thisStudy"
"T666Y",-0.003,NA,"thisStudy"
